{
    "vertices": [-5.03505,-1.84272,2.7352,4.96495,-1.84272,2.7352,-5.03505,-1.84272,0.735196,4.96495,-1.84272,0.735196],
    "normals": [0,1,0],
    "metadata": {
        "version": 3,
        "vertices": 4,
        "normals": 1,
        "generator": "io_three",
        "type": "Geometry",
        "uvs": 0,
        "faces": 1
    },
    "uvs": [],
    "name": "PlaneGeometry",
    "faces": [33,0,1,3,2,0,0,0,0]
}